{
	"extvcs569it_InmetaGenericSchema": {
		
		"ValueString00": "Aktivitet",
		"LabelString00": "Områdetype",
		"KeyString00": "SiteType"
		
		"ValueString01": "Aktivitet: <Your activity name>",
		"LabelString01": "<Your activity name>",
		"KeyString01": "Title",
		
		"ValueString02": "<Your description>",
		"LabelString02": "Beskrivelse",
		"KeyString02": "KTDODescription",
		
		"ValueString03": "<owners email address>",
		"LabelString03": "<owners display name>",
		"KeyString03": "KDTOOwner",
		
		"ValueString04": "<existing parent department>",
		"LabelString04": "Overordnet avdeling",
		"KeyString04": "KTDOParentDepartment",
		
	}
}