{
	"extvcs569it_InmetaGenericSchema": {
		
		"ValueString00": "Avdeling",
		"LabelString00": "Områdetype",
		"KeyString00": "SiteType"
		
		"ValueString01": "Avdeling: <Your department name>",
		"LabelString01": "<Your department name>",
		"KeyString01": "Title",
		
		"ValueString02": "<Your description>",
		"LabelString02": "Beskrivelse",
		"KeyString02": "KTDODescription",
		
		"ValueString03": "<owners email address>",
		"LabelString03": "<owners display name>",
		"KeyString03": "KDTOOwner",
		
		"ValueString04": "<existing parent department>",
		"LabelString04": "Overordnet avdeling",
		"KeyString04": "KTDOParentDepartment",
		
		"ValueString07": "<department short name>",
		"LabelString07": "Kortnavn",
		"KeyString07": "KDTOShortName",
		
	}
}