{
	"extvcs569it_InmetaGenericSchema": {
		
		"ValueString00": "Prosjekt",
		"LabelString00": "Områdetype",
		"KeyString00": "SiteType"
		
		"ValueString01": "Prosjekt: <Your project name>",
		"LabelString01": "<Your project name>",
		"KeyString01": "Title",
		
		"ValueString03": "<owners email address>",
		"LabelString03": "<owners display name>",
		"KeyString03": "KDTOOwner",
		
		"ValueString04": "<existing parent department>",
		"LabelString04": "Overordnet avdeling",
		"KeyString04": "KTDOParentDepartment",
		
		"ValueString06": "<project number>",
		"LabelString06": "Prosjektnummer",
		"KeyString06": "KDTOProjectNumber",
		
		"ValueString08": "<project goal>",
		"LabelString08": "Prosjektmål",
		"KeyString08": "KDTOProjectGoal",
		
		"ValueString09": "<project purpose>",
		"LabelString09": "Prosjektets formål",
		"KeyString09": "KDTOProjectPurpose",
		
		"ValueDateTime00": "0001-01-01T00:00:00Z",
		"LabelDateTime00": "Startdato",
		"KeyDateTime00": "KDTOStartDate",
		
		"ValueDateTime01": "0001-01-01T00:00:00Z",
		"LabelDateTime01": "Sluttdato",
		"KeyDateTime01": "KDTOEndDate",
		
	}
}